{
    "Meta-Llama-3.1-8B-Instruct": {
        "std_means": [
            7.73,
            8.76,
            10.04,
            11.83,
            14.95
        ],
        "cm_means": [
            null,
            null,
            null,
            null,
            null
        ],
        "avg_std_deltas": [
            -0.8823769462581618,
            -1.1990838656767955,
            -0.6236442592741556,
            -1.5331409949863575,
            -1.4954838027072754,
            -0.3253056724008036,
            -0.7210925728277248,
            -0.4661837644399799,
            -1.4433819374686088,
            -1.1967918131592166,
            -0.7352461074836766,
            -0.5527844048216977,
            -0.47222658211953794,
            -0.8112325778503264,
            -1.3447329388498241,
            -0.7217213790180814,
            -0.7528080463648921,
            1.3666678341952236,
            1.2200524595022082,
            0.8555402952124281,
            1.4101458903475061,
            1.369689381942864,
            2.2264650119482603,
            2.191169635307124,
            2.5229354850734556,
            2.647250395333689,
            2.4923797714716223,
            2.5312421521848316,
            2.605447168508287,
            3.7664853167378203,
            2.990784212550226,
            2.3083035034608863
        ],
        "avg_cm_deltas": [],
        "std_acc": 83.7769964841788,
        "cm_acc": 0
    },
    "Llama-3.2-3B-Instruct": {
        "std_means": [
            5.12,
            8.0,
            9.47,
            14.17,
            18.29
        ],
        "cm_means": [
            null,
            null,
            null,
            null,
            null
        ],
        "avg_std_deltas": [
            -0.23034641145162998,
            -0.3643168813915243,
            -0.5727296117440592,
            -0.6016180037494163,
            -0.4686101494812594,
            -0.5285488801167755,
            -0.902179232798049,
            -0.6116952278217678,
            -0.555276472205675,
            -0.5935460487722093,
            -0.5432009365258056,
            -0.775513454036818,
            -0.6779627725743936,
            -0.4041160073847941,
            -0.6768444555599686,
            1.3543891312787426,
            1.126524070230098,
            0.572904486203541,
            0.5637166565953039,
            1.1816682916140209,
            1.3839329902039648,
            2.559295209791719,
            2.542969317127268,
            2.29362088217321,
            2.174898009633132,
            3.9242177414331287,
            2.2014697356058806,
            2.1954224000678835
        ],
        "avg_cm_deltas": [],
        "std_acc": 77.3982923154194,
        "cm_acc": 0
    },
    "Llama-3.2-1B-Instruct": {
        "std_means": [
            4.4,
            6.02,
            6.53,
            6.99,
            12.16
        ],
        "cm_means": [
            null,
            null,
            null,
            null,
            null
        ],
        "avg_std_deltas": [
            -1.3714906344277245,
            -1.045529229984638,
            -1.6535060602118177,
            -1.3278220860219254,
            -1.4046078293482782,
            -1.0630810966089346,
            -1.3808161660332825,
            -1.1605565518006076,
            -1.240159918470397,
            -0.8499994347408032,
            -0.3858735081180743,
            -0.1889616555750879,
            0.37566032007314165,
            1.1047192836514315,
            1.5200982546459065,
            0.8023449271722752
        ],
        "avg_cm_deltas": [],
        "std_acc": 59.51783023606229,
        "cm_acc": 0
    },
    "Llama-3.2-1B-Instruct-FT": {
        "std_means": [
            4.75,
            5.17,
            5.65,
            8.4,
            12.47
        ],
        "cm_means": [
            null,
            null,
            null,
            null,
            null
        ],
        "avg_std_deltas": [
            -1.1291933045322604,
            -1.2487626202677675,
            -1.8859154875107234,
            -1.2301742729980223,
            -0.9596638322654889,
            -0.8958721414754763,
            -0.9949057390796425,
            -0.7071386291296982,
            -0.7673692976272867,
            -0.8312780091895463,
            -0.04866805811852801,
            1.3537795077850328,
            2.5657097564038174,
            3.914093891260673,
            5.483723631341035,
            3.7081946885986943
        ],
        "avg_cm_deltas": [],
        "std_acc": 79.15620291310898,
        "cm_acc": 0
    }
}