{
    "Meta-Llama-3.1-8B-Instruct": {
        "std_means": [
            7.43,
            8.51,
            9.99,
            11.92,
            14.91
        ],
        "cm_means": [
            6.55,
            8.53,
            10.06,
            11.96,
            14.95
        ],
        "avg_std_deltas": [
            -0.7983026825221239,
            -1.0908453747234512,
            -0.6511886191579093,
            -1.596532550111281,
            -1.6604639610358045,
            -0.3634022400442478,
            -0.5560218473451327,
            -0.4627627212389381,
            -1.2757259402654868,
            -1.251998064159292,
            -0.8171218196902655,
            -0.5603256360619469,
            -0.4673949115044248,
            -0.5946764380530973,
            -1.0920042865044248,
            -0.756959952295354,
            -0.8446677959070796,
            1.5878668962326725,
            1.4729883713004863,
            1.0324428187007397,
            1.583485751869404,
            1.5840527019669524,
            2.2966250715002547,
            2.2412620780742274,
            2.913629744538164,
            3.021484807107301,
            3.0027049917035398,
            2.987676299778761,
            3.118494192477876,
            4.36053736863938,
            3.5491461559734514,
            2.808255315459935
        ],
        "avg_cm_deltas": [
            -0.8196107577433628,
            -1.213487797289823,
            -0.6855535726631637,
            -1.5783575306951472,
            -1.3997550576134066,
            -0.3422155869745575,
            -0.936110342920354,
            -0.8086957273230089,
            -1.8120644358407079,
            -1.6928434388827434,
            -1.2064885232300886,
            -1.1044991012168142,
            -0.8264791032909292,
            -0.4832463357300885,
            -0.7067339601769912,
            -0.9839017884921184,
            -0.8878940818584071,
            1.8094927745582783,
            1.5518681420689135,
            1.003748976445831,
            1.2682243954818861,
            1.226098200705199,
            2.3884004069640574,
            2.501963623857076,
            2.7066302139147194,
            3.2061680076396573,
            3.063443722345133,
            2.963108407079646,
            3.2704507743362834,
            4.5857201500276545,
            3.317882328539823,
            2.4259989143472858
        ],
        "std_acc": 87.38938053097345,
        "cm_acc": 83.58407079646017
    },
    "Llama-3.2-3B-Instruct": {
        "std_means": [
            5.78,
            7.91,
            9.15,
            13.98,
            17.73
        ],
        "cm_means": [
            6.05,
            7.04,
            8.38,
            12.69,
            17.26
        ],
        "avg_std_deltas": [
            -0.26414477255492086,
            -0.4090605330678214,
            -0.6197528619681839,
            -0.6866042576004974,
            -0.49837082213005135,
            -0.46776047428097345,
            -0.9642126842937638,
            -0.8729535187240195,
            -0.4878703333635246,
            -0.4409854905795207,
            -0.6943897576458686,
            -0.9455745663263101,
            -0.9498520218165575,
            -0.33524028305458814,
            -0.8903404725336396,
            1.4449183911348866,
            1.2659182928304757,
            0.6377605607024336,
            0.6309437439504978,
            1.3343814816095132,
            1.556272361552821,
            3.0260206914581027,
            3.07308265772541,
            2.603080260015167,
            2.3926118493080137,
            4.362121669803045,
            2.8498111412588476,
            2.509900442477876
        ],
        "avg_cm_deltas": [
            -0.37103804624186154,
            -0.5220243572133832,
            -0.5737899645239906,
            -0.5794046376658752,
            -0.8016740241936878,
            -0.47479004986518253,
            -0.9632957627288008,
            -0.8648797929814431,
            -0.7078558799439827,
            -0.5633659362792969,
            -0.9434079849614506,
            -1.005013892924891,
            -0.7343161071823762,
            -0.49157287800206545,
            -0.6727468845063607,
            1.6818342765875622,
            1.4425228962856056,
            0.8642177615545492,
            0.5880211214048673,
            1.1232838858545353,
            1.3537280327450913,
            2.3228262302094858,
            2.525478854749055,
            2.073763632985343,
            1.9661401529227738,
            3.1489559274859134,
            1.782704804006931,
            1.358453099073562
        ],
        "std_acc": 80.39823008849557,
        "cm_acc": 74.29203539823008
    },
    "Llama-3.2-1B-Instruct": {
        "std_means": [
            4.57,
            5.6,
            6.13,
            7.12,
            12.01
        ],
        "cm_means": [
            4.13,
            4.62,
            5.14,
            6.35,
            13.16
        ],
        "avg_std_deltas": [
            -1.28759453075122,
            -1.120846605933873,
            -1.445419948449177,
            -1.3390313931271038,
            -1.110444533086456,
            -0.9119495940419425,
            -1.4096373667759179,
            -1.3877479620739421,
            -1.3399272589556939,
            -0.9023334600229179,
            -0.3979317386593439,
            -0.3777689435840708,
            0.04091364767699115,
            0.6208604120575221,
            0.7615631913716814,
            0.5293003318584071
        ],
        "avg_cm_deltas": [
            -1.3842323763180624,
            -1.0089704665462527,
            -1.5737922077685331,
            -1.7927960976035193,
            -1.1990339245416421,
            -0.9348884244935702,
            -1.502493502186463,
            -0.9748433070900165,
            -1.1294937378537337,
            -0.9812173792746215,
            -0.4374125109309644,
            -0.3199115044247788,
            -0.002060287610619469,
            0.49871750553097344,
            0.3988108407079646,
            0.31595685840707965
        ],
        "std_acc": 55.97345132743363,
        "cm_acc": 52.12389380530974
    },
    "Llama-3.2-1B-Instruct-FT": {
        "std_means": [
            4.58,
            5.0,
            5.67,
            9.3,
            12.5
        ],
        "cm_means": [
            4.85,
            5.56,
            7.66,
            9.41,
            12.0
        ],
        "avg_std_deltas": [
            -1.065348381700769,
            -1.2109534879701327,
            -1.7266746820601742,
            -1.3230486574426161,
            -0.8591583927120783,
            -0.7187721049891109,
            -1.0159054102095884,
            -0.6386152689435841,
            -1.177011054385025,
            -0.953347818830372,
            0.16891349522413407,
            2.080513689159292,
            4.169890763274337,
            6.501489905973451,
            9.969092228982301,
            9.001887444690265
        ],
        "avg_cm_deltas": [
            -1.1246149216078023,
            -1.07303715258573,
            -1.6100991882054152,
            -1.4627002479755773,
            -0.9528587425704551,
            -0.7652562301770776,
            -1.0090808260757311,
            -0.6710211230590281,
            -1.0936735727090752,
            -0.859038227954797,
            0.19196238728751122,
            2.1951189159292035,
            4.2318238384955755,
            6.520699668141593,
            9.869227046460177,
            8.408863384955753
        ],
        "std_acc": 99.42477876106194,
        "cm_acc": 99.070796460177
    },
    "Llama-3.2-1B-Instruct-FT-only-L1": {
        "std_means": [
            4.47,
            4.73,
            5.03,
            6.09,
            12.45
        ],
        "cm_means": [
            4.48,
            4.9,
            5.3,
            6.58,
            12.36
        ],