{
    "Meta-Llama-3.1-8B-Instruct": {
        "std_means": [
            8.19,
            8.96,
            10.22,
            11.7,
            13.97
        ],
        "cm_means": [
            7.92,
            8.85,
            9.95,
            11.34,
            13.14
        ],
        "avg_std_deltas": [
            -0.8136342243975904,
            -1.0772660956325302,
            -0.697644065948854,
            -1.5729773702391658,
            -1.6654752938144177,
            -0.33170886671686745,
            -0.7058217243975904,
            -0.340417921686747,
            -1.3739928463855422,
            -1.139867281626506,
            -0.8644107680722891,
            -0.7367964043674698,
            -0.6069135918674698,
            -0.7698842243975904,
            -0.9131341773343373,
            -0.8105456984186747,
            -0.7791500964796687,
            0.6236480207328337,
            0.4522290011486375,
            0.19145685046552174,
            0.6436914076288063,
            0.5949036012212914,
            1.2235975104642203,
            1.2110943438058877,
            1.2877601715455573,
            1.445494723032756,
            1.2067676957831326,
            1.1553369728915663,
            1.164246046686747,
            1.7174663497740963,
            1.2927004894578313,
            1.0165792304349233
        ],
        "avg_cm_deltas": [
            -0.802734375,
            -1.128526448729498,
            -0.7287336277440338,
            -1.596095118323567,
            -1.5980278180086351,
            -0.38974502593812127,
            -0.8612388170974155,
            -0.5074047900099403,
            -1.5654665755467196,
            -1.322638388419483,
            -0.9510398546222664,
            -0.8153801798583499,
            -0.667650272073613,
            -0.6937759429749627,
            -0.9114743909589339,
            -0.9640861017329555,
            -0.9856123691998704,
            0.06287946568331709,
            -0.03045641783454546,
            -0.24802956856031777,
            0.13600308852451695,
            0.09488188059145129,
            0.5234974582437019,
            0.5364641375380529,
            0.43910972640718193,
            0.61334459065917,
            0.4842196819085487,
            0.2937181597912525,
            0.33403485337972166,
            0.7242941278112575,
            0.46121318961232605,
            0.42474124256232626
        ],
        "std_acc": 68.61445783132531,
        "cm_acc": 55.96421471172962
    },
    "Llama-3.2-3B-Instruct": {
        "std_means": [
            4.87,
            7.91,
            8.84,
            14.22,
            19.4
        ],
        "cm_means": [
            4.77,
            7.47,
            8.76,
            13.62,
            19.38
        ],
        "avg_std_deltas": [
            -0.23670570649296405,
            -0.3860539218029344,
            -0.6165217020425452,
            -0.6957108796360981,
            -0.45583398658109,
            -0.5601875764777862,
            -0.909033690303205,
            -0.7305103504155056,
            -0.5487297793468797,
            -0.5310761876853115,
            -0.5377922442304083,
            -0.6689672447112669,
            -0.7152548652097404,
            -0.44127116375658887,
            -0.582173464671675,
            0.3578721379659262,
            0.2911223997552711,
            -0.09378772413874246,
            -0.13335255082831327,
            0.37950029947671543,
            0.42055132762495295,
            0.9185892495764307,
            0.9649539901549558,
            0.8372645722814354,
            0.6957415155617588,
            1.5761567035353328,
            0.45961362540003764,
            0.7060767483998494
        ],
        "avg_cm_deltas": [
            -0.3045632322550294,
            -0.45106543319125775,
            -0.6034429258191087,
            -0.6599482205468665,
            -0.6449364032707442,
            -0.4518326821905481,
            -0.9014566849998641,
            -0.7231252322614075,
            -0.5637490408084027,
            -0.5570832701847994,
            -0.6548047587127382,
            -0.7605624303192078,
            -0.6648087221869892,
            -0.4961828758891961,
            -0.5964496832481673,
            -0.0011242284452464898,
            -0.10242290951859644,
            -0.366678833250497,
            -0.43184572375318403,
            -0.04478927066264522,
            -0.10300183912394772,
            0.06434048904813308,
            0.12965000220842912,
            -0.022211251154571593,
            -0.14479271602441018,
            0.09587142671315854,
            -0.29095333091781345,
            0.059924146527087475
        ],
        "std_acc": 61.385542168674704,
        "cm_acc": 49.30417495029821
    },
    "Llama-3.2-1B-Instruct": {
        "std_means": [
            4.4,
            5.52,
            5.96,
            6.36,
            13.57
        ],
        "cm_means": [
            4.25,
            5.03,
            5.64,
            6.21,
            13.59
        ],
        "avg_std_deltas": [
            -1.258999773105943,
            -0.956576841207872,
            -1.4786157608032227,
            -1.3135663377233298,
            -1.1454155244022968,
            -1.1086675161338715,
            -0.9358447339161333,
            -0.8438206822039133,
            -1.086552934761507,
            -0.8728581715779132,
            -0.6582691560308618,
            -0.789273108057229,
            -0.9507836031626506,
            -1.0232210090361447,
            -1.3671310240963856,
            -0.3605798192771084
        ],
        "avg_cm_deltas": [
            -1.2485404438811316,
            -0.9308529497377915,
            -1.4934082884437758,
            -1.4687379864053745,
            -1.0885045258235742,
            -1.0337606598558293,
            -1.3589886694731816,
            -0.9798654040569813,
            -1.2310486143199397,
            -0.9498293309752083,
            -0.7482104443650597,
            -0.8790926317097415,
            -1.1842091979373757,
            -1.545760592693837,
            -1.7508542495029822,
            -0.49161282306163023
        ],
        "std_acc": 33.31325301204819,
        "cm_acc": 28.578528827037776
    },
    "Llama-3.2-1B-Instruct-FT": {
        "std_means": [
            4.4,
            4.55,
            5.22,
            8.63,
            12.69
        ],
        "cm_means": [
            4.6,
            5.09,
            6.3,
            9.21,
            12.59
        ],
        "avg_std_deltas": [
            -1.0691726316888648,
            -1.0929511012801205,
            -1.7368826992540474,
            -1.224166723044522,
            -0.9042876355619316,
            -0.8958256888102336,
            -0.7391238517071828,
            -0.5684932927051223,
            -0.9708009053425617,
            -1.2255265109510307,
            0.01042379241391837,
            1.5412580007530121,
            3.1282567771084335,
            5.52007718373494,
            7.95027296686747,
            6.153157944277108
        ],
        "avg_cm_deltas": [
            -1.0484083059056852,
            -1.048190592771496,
            -1.6790546195407512,
            -1.2798994909934922,
            -0.8364264782569991,
            -0.9654669233155297,
            -0.7357647594353314,
            -0.5363849806738185,
            -0.9137404785004573,
            -1.204742357697686,
            0.0322709040897741,
            1.5423397117296223,
            3.020509753976143,
            5.13335611332008,
            7.529075546719682,
            5.788778073745029
        ],
        "std_acc": 92.46987951807229,
        "cm_acc": 90.65606361829026
    }
}